fold num,imgid,label,feature1,feature2,feature3
0,leaf1.jpg,1,17875,238.5,704.9259679317474
1,leaf2.jpg,1,167.0,51.0,1547.650925397873
2,leaf3.jpg,1,20227,14197.5,1009.3351291418076
3,leaf4.jpg,1,27068,2773.5,787.092488527298
